ID,Sequence,Local
A0A385XJ53,MASVSISCPSCSATDGVVRNGKSTAGHQRYLCSHCRKTWQLQFTYTASQPGTHQKIIDMAMNGVGCRATARIMGVGLNTILRHLKNSGRSR,undocumented
A0A385XJE6,MFVIWSHRTGFIMSHQLTFADSEFSSKRRQTRKEIFLSRMEQILPWQNMVEVIEPFYPKAGNGRRPYPLETMLRIHCMQHWYNLSDGAMEDALYEIASMRLFARLSLDSALPDRTTIMNFRHLLEQHQLARQLFKTINRWLAEAGVMMTQGTLVDATIIEAPSSTKNKEQQRDPEMHQTKKGNQWHFGMKAHIGVDAKSGLTHSLVTTAANEHDLNQLGNLLHGEEQFVSADAGYQGAPQREELAEVDVDWLIAERPGKVRTLKQHPRKNKTAINIEYMKASIRARVEHPFRIIKRQFGFVKARYKGLLKNDNQLAMLFTLANLFRADQMIRQWERSH,undocumented
A0A385XJK5,MTLLQVHNFVDNSGRKKWLSRTLGQTRCPGKSMGREKFVKNNCSAIS,undocumented
A0A385XJL2,MLSTESWDNCEKPPLLFPFTALTCDETPVFSGSVLNLVAHSVDKYGIG,undocumented
A0A385XJL4,MPGNSPHYGRWPQHDFTSLKKLRPQSVTSRIQPGSDVIVCAEMDEQWGYVGAKSRQRWLFYAYDSLRKTVVAHVFGERTMATLGRLMSLLSPFDVVIWMTDGWPLYESRLKGKLHVISKRYTQRIERHNLNLRQHLARLGRKSLSFSKSVELHDKVIGHYLNIKHYQ,undocumented
A0A385XJN2,MTTTGLRPRLNVRQRKDTGYLPHSSPFSLQFRPAILYSDGYLPLVPEDKNETDKIHTPRIVPQKLERTPSDTSRSRGCHCFYAGWL,undocumented
A0A385XK32,MHMVTYPCLTSRRFQLALIHRRVVDKRTSMHSRTASESTGARIHRPWCARHQVRPAWRCQYDKLHRVPFRSPELRLDSGPGYTTGSYRY,undocumented
A5A605,MRLHVKLKEFLSMFFMAILFFPAFNASLFFTGVKPLYSIIKCSTEIFYDWRMLILCFGFMSFSFLNIHVILLTIIKSFLIKKTKVVNFATDITIQLTLIFLLIAIVIAPLIAPFVTGYVNTNYHPCGNNTGIFPGAIYIKNGMKCNNGYISRKEDSAVK,membrane
A5A607,MSTKNRTRRTTTRNIRFPNQMIEQINIALEQKGSGNFSAWVIEACRRRLTSEKRAYTSIKSDEE,undocumented
A5A611,MSYSSFKIILIHVKNIIPIITATLILNYLNNSERSLVKQILIEDEIIVCATYLIPDI,undocumented
